{
  "train_mse": 64.7165909792488,
  "test_mse": 181.965359623339,
  "train_rmse": 7.927786840268757,
  "test_rmse": 13.432376159957807,
  "train_mae": 6.1252760061166445,
  "test_mae": 10.234216882194023,
  "r2": -0.07804048553723134,
  "overfitting_detected": true,
  "mse_ratio": 2.811726589271145,
  "timestamp": "2025-03-14 04:22:00"
}