{
  "train_mse": 0.5579997485635917,
  "test_mse": 8.596066308140605,
  "train_rmse": 0.7410545584245508,
  "test_rmse": 2.7629558688756988,
  "train_mae": 0.5949806016429304,
  "test_mae": 1.72267758244227,
  "r2": 0.9525689148002854,
  "overfitting_detected": true,
  "mse_ratio": 15.405143694542303,
  "timestamp": "2025-03-19 01:12:06"
}