{
  "train_mse": 41.48965904214377,
  "test_mse": 189.78873404061133,
  "train_rmse": 6.209470093595362,
  "test_rmse": 13.73443125873533,
  "train_mae": 4.865818239550697,
  "test_mae": 10.42639984886936,
  "r2": -0.13022240117021636,
  "overfitting_detected": true,
  "mse_ratio": 4.5743623452733235,
  "timestamp": "2025-03-14 03:42:14"
}