{
  "train_mse": 68.66834909570723,
  "test_mse": 175.5366519175936,
  "train_rmse": 8.09940942618484,
  "test_rmse": 13.2251533717976,
  "train_mae": 6.34810310008851,
  "test_mae": 10.250137876102949,
  "r2": -0.05204984654895737,
  "overfitting_detected": true,
  "mse_ratio": 2.556296375684488,
  "timestamp": "2025-03-15 00:27:43"
}