{
  "version": "1.0.0",
  "created_at": "2025-03-27 02:49:25",
  "description": "Advanced NBA Score Prediction Ensemble Model",
  "model_weights": {
    "home_score": {
      "RandomForest": 0.43586750252803536,
      "XGBoost": 0.5641324974719647
    },
    "away_score": {
      "RandomForest": 0.42449673418331546,
      "XGBoost": 0.5755032658166845
    },
    "point_diff": {
      "RandomForest": 0.4078464735710421,
      "XGBoost": 0.5921535264289579
    },
    "total_score": {
      "RandomForest": 0.4167827499471144,
      "XGBoost": 0.5832172500528856
    },
    "q1_total": {
      "RandomForest": 0.4198340418912532,
      "XGBoost": 0.5801659581087468
    },
    "q2_total": {
      "RandomForest": 0.4154491972627426,
      "XGBoost": 0.5845508027372573
    },
    "q3_total": {
      "RandomForest": 0.422540616872058,
      "XGBoost": 0.577459383127942
    },
    "q4_total": {
      "RandomForest": 0.42043149323037776,
      "XGBoost": 0.5795685067696222
    }
  },
  "quarter_weights": {
    "q1_total": 0.1,
    "q2_total": 0.15,
    "q3_total": 0.2,
    "q4_total": 0.25,
    "total_score": 0.3
  }
}