{
    "ridge": 0.5563858804168322,
    "svr": 0.277598162615572,
    "xgb": 0.16601595696759575
}