{
    "ridge_score_predictor": 0.6669126502254245,
    "svr_score_predictor": 0.33308734977457555
}