{
    "ridge_score_predictor": 0.512975412635602,
    "svr_score_predictor": 0.487024587364398
}