{
    "ridge": 0.8676459064695632,
    "svr": 0.1323540935304369
}