{
    "ridge": 0.862328970294625,
    "svr": 0.13767102970537498
}