{
    "ridge_score_predictor": 0.8022458837566048,
    "svr_score_predictor": 0.19775411624339526
}