{
    "ridge_score_predictor": 0.6813452774213593,
    "svr_score_predictor": 0.31865472257864064
}