{
    "ridge_score_predictor": 0.38358149535633557,
    "svr_score_predictor": 0.4108792795219596,
    "xgb_score_predictor": 0.20553922512170483
}