{
    "ridge": 0.5039622733239341,
    "svr": 0.4960377266760659
}