{
    "ridge_score_predictor": 0.8157438062404339,
    "svr_score_predictor": 0.1842561937595662
}