{
    "ridge_score_predictor": 0.8324692358167265,
    "svr_score_predictor": 0.16753076418327348
}