{
    "ridge": 0.936851192682151,
    "svr": 0.06314880731784894
}