{
    "ridge": 0.7422139576487381,
    "svr": 0.25778604235126185
}