{
    "ridge": 0.8849483664874894,
    "svr": 0.11505163351251055
}