{
    "ridge_score_predictor": 0.7422119972378909,
    "svr_score_predictor": 0.2577880027621091
}