{
    "ridge_score_predictor": 0.673008978387617,
    "svr_score_predictor": 0.326991021612383
}