{
  "ridge": 0.37456679343862526,
  "svr": 0.6254332065613748
}
