{
    "ridge": 0.9188247107489874,
    "svr": 0.08117528925101256
}