{
    "ridge_score_predictor": 0.6124587655952595,
    "svr_score_predictor": 0.38754123440474053
}