{
    "ridge": 0.5681490634949579,
    "svr": 0.22985816071880313,
    "xgb": 0.2019927757862391
}