{
    "ridge": 0.6669435884061485,
    "svr": 0.16692331936281046,
    "xgb": 0.16613309223104097
}