{
    "ridge": 0.9584774429677656,
    "svr": 0.04152255703223437
}