{
    "ridge_score_predictor": 0.5000000146953013,
    "svr_score_predictor": 0.4999999853046987
}