{
    "ridge_score_predictor": 0.6928860010425055,
    "svr_score_predictor": 0.27900415329635414,
    "xgb_score_predictor": 0.028109845661140297
}