{
    "ridge": 0.4999994818545225,
    "svr": 0.5000005181454775
}