{
    "ridge_score_predictor": 0.400517404043724,
    "svr_score_predictor": 0.5994825959562761
}