{
    "ridge": 0.4992395623804151,
    "svr": 0.500760437619585
}