{
    "ridge": 0.8999993498052339,
    "svr": 0.10000065019476617
}