{
    "ridge": 0.37347074521514756,
    "svr": 0.6265292547848524
}