{
    "ridge": 0.8460192084497022,
    "svr": 0.1539807915502978
}