{
    "xgboost": 0.3298042389293891,
    "random_forest": 0.3572179276578035,
    "ridge": 0.3129778334128074
}