{
    "ridge": 0.897923168769597,
    "svr": 0.10207683123040304
}