{
    "ridge_score_predictor": 0.5002341452186131,
    "svr_score_predictor": 0.0,
    "xgb_score_predictor": 0.49976585478138696
}