{
    "xgboost": 0.20978265747562577,
    "random_forest": 0.23226825412019309,
    "ridge": 0.19936397879368928,
    "lightgbm": 0.3585851096104919
}