{
    "ridge_score_predictor": 0.5333496034872363,
    "svr_score_predictor": 0.4666503965127637
}