{
    "ridge": 0.5994790197053631,
    "svr": 0.4005209802946369
}