{
    "ridge": 0.5014038145012985,
    "svr": 0.4985961854987016
}