{
    "rf_mlb_runs_predictor": 0.2242910042670349,
    "xgb_mlb_runs_predictor": 0.5542051221147245,
    "lgbm_mlb_runs_predictor": 0.22150387361824062
}