{
    "ridge_mlb_runs_predictor": 0.30184541918458646,
    "svr_mlb_runs_predictor": 0.36222049779568555,
    "xgb_mlb_runs_predictor": 0.3359340830197281
}