{
    "ridge_mlb_runs_predictor": 0.2724073093382328,
    "svr_mlb_runs_predictor": 0.45489329055243405,
    "xgb_mlb_runs_predictor": 0.27269940010933325
}