{
    "rf_mlb_runs_predictor": 0.2296549610628636,
    "xgb_mlb_runs_predictor": 0.5713382110537472,
    "lgbm_mlb_runs_predictor": 0.1990068278833893
}