{
    "rf_mlb_runs_predictor": 0.242248330747827,
    "xgb_mlb_runs_predictor": 0.534522300556725,
    "lgbm_mlb_runs_predictor": 0.22322936869544802
}