{
    "ridge_mlb_runs_predictor": 0.2117483187587974,
    "svr_mlb_runs_predictor": 0.45230722531174905,
    "xgb_mlb_runs_predictor": 0.3359444559294536
}