{
    "rf_mlb_runs_predictor": 0.2539776159905602,
    "xgb_mlb_runs_predictor": 0.5746169226439493,
    "lgbm_mlb_runs_predictor": 0.1714054613654906
}