{
    "rf_mlb_runs_predictor": 0.37679413612913254,
    "xgb_mlb_runs_predictor": 0.6232058638708675
}