{
    "ridge_mlb_runs_predictor": 0.12853087970197985,
    "svr_mlb_runs_predictor": 0.5038335635524989,
    "xgb_mlb_runs_predictor": 0.3676355567455213
}