{
    "rf_mlb_runs_predictor": 0.25502631694444927,
    "xgb_mlb_runs_predictor": 0.5943450215818266,
    "lgbm_mlb_runs_predictor": 0.15062866147372422
}