{
    "ridge_mlb_runs_predictor": 0.1830099649161391,
    "svr_mlb_runs_predictor": 0.39790296145971404,
    "xgb_mlb_runs_predictor": 0.4190870736241469
}