{
    "nfl_xgb_total_predictor": 0.4897348886808834,
    "nfl_rf_total_predictor": 0.5102651113191167
}