{
    "prev_season_win_pct_diff": 0.00048155253170989454,
    "prev_season_srs_lite_diff": 0.0481671541929245,
    "away_form_win_pct_5_imputed": 0.020151133501259445,
    "drive_yards_per_play_avg_diff": 0.026440884468273532,
    "home_form_win_pct_5": 0.4964945614337921,
    "momentum_ewma_5_diff": -0.427807480096817,
    "h2h_avg_point_diff": 0.8344038724899292,
    "drive_turnovers_per_drive_avg_diff": 0.0009985036513135885,
    "form_win_pct_5_diff": -0.004240134265273809,
    "rolling_points_attack_vs_defense_reverse_diff": 0.044500432908535004,
    "adv_third_down_pct_diff": 0.0006828776677139103,
    "rolling_yards_per_play_avg_diff": -0.009484516456723213,
    "home_is_on_short_week": 0.008816120906801008,
    "away_current_streak": 0.041561712846347604,
    "adv_yards_per_drive_diff": 0.008372265845537186,
    "away_is_on_short_week": 0.007556675062972292,
    "home_rolling_turnover_differential_avg": -0.031696051359176636,
    "away_rest_days": 7.390428066253662,
    "away_form_win_pct_5": 0.5007346868515015,
    "drive_turnovers_forced_per_drive_avg_diff": 0.0006971630488308391,
    "adv_turnovers_per_game_diff": -0.0031102688517421484,
    "drive_yards_per_play_allowed_avg_diff": 0.019701422565623194,
    "adv_time_of_possession_seconds_diff": -0.8753148317337036,
    "away_momentum_ewma_5": 0.2324463129043579,
    "rolling_turnover_differential_avg_diff": -0.01637279987335205,
    "adv_pythagorean_win_pct_diff": 0.0019627190195024014,
    "rolling_points_against_avg_diff": -0.08186395466327667,
    "home_momentum_ewma_5": -0.1953611820936203
}