{
    "nfl_ridge_margin_predictor": 0.6678127038350677,
    "nfl_svr_margin_predictor": 0.3321872961649323
}