{
    "nfl_xgb_total_predictor": 0.49161077319730023,
    "nfl_rf_total_predictor": 0.5083892268026997
}