{
    "nfl_xgb_total_predictor": 0.4932874179431783,
    "nfl_rf_total_predictor": 0.5067125820568217
}