{
    "rolling_points_for_avg_diff": -0.056675024330616,
    "rolling_yards_per_play_avg_diff": -0.009484516456723213,
    "total_rolling_points_for_avg": 45.265743255615234,
    "prev_season_srs_lite_diff": 0.0481671541929245,
    "prev_season_win_pct_diff": 0.00048155253170989454,
    "drive_away_yards_per_play_avg": 5.379215548247102,
    "drive_total_points_per_drive_avg": 0.7020070694349927,
    "h2h_avg_total_points": 44.697940826416016,
    "away_rolling_points_for_avg": 22.660791397094727,
    "drive_away_seconds_per_play_avg": 28.730777383607833,
    "home_rest_days": 7.508816242218018,
    "total_adv_third_down_pct": 0.7936197519302368,
    "home_rest_days_imputed": 0.020151133501259445,
    "total_adv_yards_per_drive": 40.63722229003906,
    "drive_home_yards_per_play_avg": 5.40735772286883,
    "total_adv_pythagorean_win_pct": 0.6405352354049683,
    "drive_yards_per_play_allowed_avg_diff": 0.019701422565623194,
    "away_rest_days": 7.390428066253662,
    "adv_red_zone_pct_diff": -0.00028645319980569184,
    "away_rolling_yards_per_play_avg": 5.424641132354736,
    "total_rest_days": 14.89924430847168,
    "drive_total_seconds_per_play_avg": 53.9881639277781,
    "total_rolling_yards_per_play_avg": 10.839797019958496,
    "away_is_on_short_week": 0.007556675062972292,
    "drive_home_seconds_per_play_avg": 28.731155804938837,
    "home_adv_red_zone_pct": 0.559447705745697,
    "home_is_off_bye": 0.10201511335012595,
    "rolling_points_against_avg_diff": -0.08186395466327667,
    "away_is_off_bye": 0.08816120906801007,
    "drive_total_points_allowed_per_drive_avg": 0.6026085091891307,
    "total_adv_turnovers_per_game": 1.6759555339813232,
    "drive_total_yards_per_play_avg": 10.13448823709381,
    "total_adv_red_zone_pct": 1.1191818714141846,
    "total_rolling_points_against_avg": 45.29219055175781,
    "home_is_on_short_week": 0.008816120906801008,
    "total_adv_time_of_possession_seconds": 3190.321044921875,
    "away_rolling_points_against_avg": 22.69857406616211,
    "away_adv_red_zone_pct": 0.5597341656684875,
    "home_rolling_points_for_avg": 22.60495376586914,
    "home_rolling_yards_per_play_avg": 5.415156364440918,
    "drive_plays_per_drive_avg_diff": 0.04433331182506515,
    "home_rolling_points_against_avg": 22.593616485595703,
    "total_rolling_turnover_differential_avg": -0.061293017119169235,
    "total_form_win_pct_5": 0.997229278087616,
    "drive_total_yards_per_play_allowed_avg": 10.078585602196181,
    "drive_away_yards_per_play_allowed_avg": 5.353052304709561,
    "form_win_pct_5_diff": -0.004240134265273809,
    "home_form_win_pct_5": 0.4964945614337921
}