{
    "nfl_ridge_margin_predictor": 0.49366065511985713,
    "nfl_svr_margin_predictor": 0.5063393448801429
}