{
    "nfl_ridge_margin_predictor": 0.49170886093269295,
    "nfl_svr_margin_predictor": 0.508291139067307
}