{
    "nfl_xgb_total_predictor": 0.493770865665497,
    "nfl_rf_total_predictor": 0.5062291343345031
}