{
    "nfl_ridge_margin_predictor": 0.5886114477635193,
    "nfl_svr_margin_predictor": 0.4113885522364808
}