{
    "nfl_xgb_total_predictor": 0.4897058575404299,
    "nfl_rf_total_predictor": 0.5102941424595702
}