{
    "nfl_xgb_total_predictor": 0.4908705037010717,
    "nfl_rf_total_predictor": 0.5091294962989283
}