{
    "nfl_ridge_margin_predictor": 0.4788025479812481,
    "nfl_svr_margin_predictor": 0.521197452018752
}