{
    "nfl_ridge_margin_predictor": 0.6735454705816906,
    "nfl_svr_margin_predictor": 0.3264545294183095
}