{
    "nfl_xgb_total_predictor": 0.49251459295289407,
    "nfl_rf_total_predictor": 0.507485407047106
}