{
    "nfl_ridge_margin_predictor": 0.6117299114791696,
    "nfl_svr_margin_predictor": 0.38827008852083056
}