{
    "nfl_xgb_total_predictor": 0.4915471363796327,
    "nfl_rf_total_predictor": 0.5084528636203673
}