{
    "nfl_xgb_total_predictor": 0.4866198795495257,
    "nfl_rf_total_predictor": 0.5133801204504743
}