{
    "nfl_xgb_total_predictor": 0.491757377910751,
    "nfl_rf_total_predictor": 0.5082426220892489
}