{
    "nfl_xgb_total_predictor": 0.49290034583277054,
    "nfl_rf_total_predictor": 0.5070996541672295
}