{
    "nfl_xgb_total_predictor": 0.488712326971597,
    "nfl_rf_total_predictor": 0.5112876730284031
}