{
    "nfl_xgb_total_predictor": 0.49129568332972046,
    "nfl_rf_total_predictor": 0.5087043166702796
}