{
    "nfl_xgb_total_predictor": 0.4901664829459539,
    "nfl_rf_total_predictor": 0.5098335170540461
}