{
    "nfl_xgb_total_predictor": 0.49187183844672666,
    "nfl_rf_total_predictor": 0.5081281615532733
}