{
    "nfl_ridge_margin_predictor": 0.6145488824588999,
    "nfl_svr_margin_predictor": 0.3854511175411
}