{
    "nfl_ridge_margin_predictor": 0.4772028574148366,
    "nfl_svr_margin_predictor": 0.5227971425851635
}