{
    "nfl_xgb_total_predictor": 0.49310835259745106,
    "nfl_rf_total_predictor": 0.506891647402549
}