{
    "nfl_ridge_margin_predictor": 0.493660655119857,
    "nfl_svr_margin_predictor": 0.5063393448801429
}