{
    "nfl_xgb_total_predictor": 0.4921561994239515,
    "nfl_rf_total_predictor": 0.5078438005760485
}