{
    "nfl_ridge_margin_predictor": 0.5020968434015124,
    "nfl_svr_margin_predictor": 0.4979031565984877
}