{
    "nfl_xgb_total_predictor": 0.49038338192613967,
    "nfl_rf_total_predictor": 0.5096166180738603
}