{
    "nfl_ridge_margin_predictor": 0.6112596959931316,
    "nfl_svr_margin_predictor": 0.3887403040068685
}