{
    "nfl_xgb_total_predictor": 0.48788885901972184,
    "nfl_rf_total_predictor": 0.5121111409802781
}