{
    "nfl_xgb_total_predictor": 0.4964064580388313,
    "nfl_rf_total_predictor": 0.5035935419611687
}