{
    "nfl_xgb_total_predictor": 0.4909353559201181,
    "nfl_rf_total_predictor": 0.5090646440798818
}