{
    "nfl_ridge_margin_predictor": 0.47795215442519495,
    "nfl_svr_margin_predictor": 0.5220478455748051
}