{
    "nfl_xgb_total_predictor": 0.49350360008209104,
    "nfl_rf_total_predictor": 0.5064963999179091
}