{
    "nfl_xgb_total_predictor": 0.4947957600261999,
    "nfl_rf_total_predictor": 0.5052042399738
}