{
    "nfl_xgb_total_predictor": 0.49355046800354724,
    "nfl_rf_total_predictor": 0.5064495319964527
}