{
    "nfl_ridge_margin_predictor": 0.6155066450253838,
    "nfl_svr_margin_predictor": 0.3844933549746163
}